<?xml version="1.0" encoding="utf-8"?>
<XML>

<Song>
     <songTitle>Farts in the Wind</songTitle>
     <songArtist>Adam Khoury</songArtist>
</Song>
	   
<Song>
    <songTitle>Lost Puppies</songTitle>
    <songArtist>Adam Khoury</songArtist>
</Song>
	   
<Song>
    <songTitle>Naked On the Mountain</songTitle>
    <songArtist>Adam Khoury</songArtist>
</Song>
	   
<Song>
    <songTitle>The Taste of Blood</songTitle>
    <songArtist>Adam Khoury</songArtist>
</Song>
	   
<Song>
     <songTitle>Summer</songTitle>
     <songArtist>Adam Khoury</songArtist>
</Song>
	   
<Song>
     <songTitle>Homie Don't Play That</songTitle>
     <songArtist>Adam Khoury</songArtist>
</Song>
	   
<Song>
      <songTitle>Big Booty Hoes</songTitle>
      <songArtist>Adam Khoury</songArtist>
</Song>


</XML>