<?xml version="1.0" encoding="iso-8859-1"?>
<XML>
   <MenuList>
   <galleryFolder>nature_gallery/</galleryFolder>
   <galleryColorScheme>grey</galleryColorScheme>
   
      <MenuItem>
         <picnum>01</picnum>
         <thumb>thumbs/Image00001.jpg</thumb>		 
         <picture>Image00001.jpg</picture>
		 <Caption>Picture of Construction Site</Caption>		 
      </MenuItem>
	  
      <MenuItem>
         <picnum>02</picnum>
         <thumb>thumbs/Image00002.jpg</thumb>				 
         <picture>Image00002.jpg</picture>
		 <Caption>The Golden Sea</Caption>		 
      </MenuItem>	  
	  
      <MenuItem>
         <picnum>03</picnum>
         <thumb>thumbs/Image00003.jpg</thumb>				 
         <picture>Image00003.jpg</picture>
		 <Caption>Swampy Woods</Caption>		 
      </MenuItem>	  	  
	  
      <MenuItem>
         <picnum>04</picnum>
         <thumb>thumbs/Image00004.jpg</thumb>		 
         <picture>Image00004.jpg</picture>
		 <Caption>A Flowing River</Caption>		 
      </MenuItem>
	  
      <MenuItem>
         <picnum>05</picnum>
         <thumb>thumbs/Image00005.jpg</thumb>				 
         <picture>Image00005.jpg</picture>
		 <Caption>Fern Thicket</Caption>		 
      </MenuItem>	  
	  
      <MenuItem>
         <picnum>06</picnum>
         <thumb>thumbs/Image00006.jpg</thumb>				 
         <picture>Image00006.jpg</picture>
		 <Caption>Leaves on a Tree</Caption>		 
      </MenuItem>	

      <MenuItem>
         <picnum>07</picnum>
         <thumb>thumbs/Image00007.jpg</thumb>		 
         <picture>Image00007.jpg</picture>
		 <Caption>Green Algae 1</Caption>		 
      </MenuItem>
	  
      <MenuItem>
         <picnum>08</picnum>
         <thumb>thumbs/Image00008.jpg</thumb>				 
         <picture>Image00008.jpg</picture>
		 <Caption>Green Algae 2</Caption>		 
      </MenuItem>	  
	  
      <MenuItem>
         <picnum>09</picnum>
         <thumb>thumbs/Image00009.jpg</thumb>				 
         <picture>Image00009.jpg</picture>
		 <Caption>Snake 1</Caption>		 
      </MenuItem>	
	  
      <MenuItem>
         <picnum>10</picnum>
         <thumb>thumbs/Image00010.jpg</thumb>		 
         <picture>Image00010.jpg</picture>
		 <Caption>Seal on a Rock</Caption>		 
      </MenuItem>

      <MenuItem>
         <picnum>11</picnum>
         <thumb>thumbs/Image00011.jpg</thumb>		 
         <picture>Image00011.jpg</picture>
		 <Caption>Snake 2</Caption>		 
      </MenuItem>
	  
      <MenuItem>
         <picnum>12</picnum>
         <thumb>thumbs/Image00012.jpg</thumb>				 
         <picture>Image00012.jpg</picture>
		 <Caption>A Rhinosaurus Munching Out</Caption>		 
      </MenuItem>	  
	  
      <MenuItem>
         <picnum>13</picnum>
         <thumb>thumbs/Image00013.jpg</thumb>				 
         <picture>Image00013.jpg</picture>
		 <Caption>A Pretty Pink Flower</Caption>		 
      </MenuItem>	  	  
	  
      <MenuItem>
         <picnum>14</picnum>
         <thumb>thumbs/Image00014.jpg</thumb>		 
         <picture>Image00014.jpg</picture>
		 <Caption>Mighty Joe Young</Caption>		 
      </MenuItem>
	  
      <MenuItem>
         <picnum>15</picnum>
         <thumb>thumbs/Image00015.jpg</thumb>				 
         <picture>Image00015.jpg</picture>
		 <Caption>My Pet Giraffe</Caption>		 
      </MenuItem>	  
	  
      <MenuItem>
         <picnum>16</picnum>
         <thumb>thumbs/Image00016.jpg</thumb>				 
         <picture>Image00016.jpg</picture>
		 <Caption>The Laziest Animal on Earth</Caption>		 
      </MenuItem>	

      <MenuItem>
         <picnum>17</picnum>
         <thumb>thumbs/Image00017.jpg</thumb>		 
         <picture>Image00017.jpg</picture>
		 <Caption>Polar Bears</Caption>		 
      </MenuItem>
	  
      <MenuItem>
         <picnum>18</picnum>
         <thumb>thumbs/Image00018.jpg</thumb>				 
         <picture>Image00018.jpg</picture>
		 <Caption>Flowers Behing Glass</Caption>		 
      </MenuItem>	  
	  
      <MenuItem>
         <picnum>19</picnum>
         <thumb>thumbs/Image00019.jpg</thumb>				 
         <picture>Image00019.jpg</picture>
		 <Caption>Miami Vice</Caption>		 
      </MenuItem>	
	  
      <MenuItem>
         <picnum>20</picnum>
         <thumb>thumbs/Image00020.jpg</thumb>		 
         <picture>Image00020.jpg</picture>
		 <Caption>Witches Stew Spilling Over into the Ditch</Caption>		 
      </MenuItem>
	  	  	  
   </MenuList>
</XML>
